rgn_id,score
1,-0.00615108296460185
2,-0.00615108296460185
3,-0.00615108296460185
4,-0.00615108296460185
5,-0.00615108296460185
6,-0.00615108296460185
7,-0.00615108296460185
